{
  "listCountry":[
    {
      "name":"Auvergne-Rhône-Alpes",
      "id":"EU-FRA-ARA"
    },
    {
      "name":"Bourgogne-Franche-Comté",
      "id":"EU-FRA-BFC"
    },
    {
      "name":"Bretagne",
      "id":"EU-FRA-BRE"
    },
    {
      "name":"Centre-Val de Loire",
      "id":"EU-FRA-CVL"
    },
    {
      "name":"Corse",
      "id":"EU-FRA-COR"
    },
    {
      "name":"Grand Est",
      "id":"EU-FRA-GES"
    },
    {
      "name":"Hauts-de-France",
      "id":"EU-FRA-HDF"
    },
    {
      "name":"Île-de-France",
      "id":"EU-FRA-IDF"
    },
    {
      "name":"Normandie",
      "id":"EU-FRA-NOR"
    },
    {
      "name":"Nouvelle-Aquitaine",
      "id":"EU-FRA-NAQ"
    },
    {
      "name":"Occitanie",
      "id":"EU-FRA-OCC"
    },
    {
      "name":"Pays de la Loire",
      "id":"EU-FRA-PDL"
    },
    {
      "name":"Provence-Alpes-Côte d'Azur",
      "id":"EU-FRA-PAC"
    },
    {
      "name":"Guadeloupe",
      "id":"EU-FRA-GLP"
    },
    {
      "name":"Guyane",
      "id":"EU-FRA-GUF"
    },
    {
      "name":"Martinique",
      "id":"EU-FRA-MTQ"
    },
    {
      "name":"La Réunion",
      "id":"EU-FRA-REU"
    },
    {
      "name":"Mayotte",
      "id":"EU-FRA-MYT"
    }
  ],
  "cardInfo":{
    "Title":"Régions de France",
    "Text":"Les 13 régions de France Métropolitaine et les 5 régions ultramarines de France",
    "lang":"FR",
    "pictureURL":"None",
    "setInfo":"EU-FRA",
    "option":{
            "tryMax":1,
            "EliminateSelected":true
        }
  },
  "type":[
    "placeTerritory",
    "shadowTerritory",
    "guessFromPosiTerritory"
  ]
}