{
  "listCountry":[
    {
      "name":"Abruzzes",
      "id":"EU-ITA-ABR"
    },
    {
      "name":"Basilicate",
      "id":"EU-ITA-BAS"
    },
    {
      "name":"Calabre",
      "id":"EU-ITA-CAL"
    },
    {
      "name":"Campanie",
      "id":"EU-ITA-CAM"
    },
    {
      "name":"Émilie-Romagne",
      "id":"EU-ITA-EMR"
    },
    {
      "name":"Frioul-Vénétie Julienne",
      "id":"EU-ITA-FVG"
    },
    {
      "name":"Latium",
      "id":"EU-ITA-LAZ"
    },
    {
      "name":"Ligurie",
      "id":"EU-ITA-LIG"
    },
    {
      "name":"Lombardie",
      "id":"EU-ITA-LOM"
    },
    {
      "name":"Marches",
      "id":"EU-ITA-MAR"
    },
    {
      "name":"Molise",
      "id":"EU-ITA-MOL"
    },
    {
      "name":"Ombrie",
      "id":"EU-ITA-UMB"
    },
    {
      "name":"Piémont",
      "id":"EU-ITA-PMN"
    },
    {
      "name":"Pouilles",
      "id":"EU-ITA-PUG"
    },
    {
      "name":"Sardaigne",
      "id":"EU-ITA-SAR"
    },
    {
      "name":"Sicile",
      "id":"EU-ITA-SIC"
    },
    {
      "name":"Toscane",
      "id":"EU-ITA-TOS"
    },
    {
      "name":"Trentin-Haut-Adige",
      "id":"EU-ITA-TAA"
    },
    {
      "name":"Vallée d'Aoste",
      "id":"EU-ITA-VAO"
    },
    {
      "name":"Vénétie",
      "id":"EU-ITA-VEN"
    }
  ],
  "cardInfo":{
    "Title":"Les régions d'Italie",
    "Text":"Les 20 régions italienne",
    "lang":"FR",
    "pictureURL":"None",
    "option":{
            "tryMax":1,
            "EliminateSelected":true
        }
  },
  "type":[
    "placeTerritory",
    "shadowTerritory",
    "guessFromPosiTerritory"
  ]
}