{
  "listCountry":[
    {
      "name":"Uri",
      "id":"EU-CHE-UR"
    },
    {
      "name":"Schwytz",
      "id":"EU-CHE-SZ"
    },
    {
      "name":"Obwald",
      "id":"EU-CHE-OW"
    },
    {
      "name":"Nidwald",
      "id":"EU-CHE-NW"
    },
    {
      "name":"Lucerne",
      "id":"EU-CHE-LU"
    },
    {
      "name":"Zurich",
      "id":"EU-CHE-ZH"
    },
    {
      "name":"Glaris",
      "id":"EU-CHE-GL"
    },
    {
      "name":"Zoug",
      "id":"EU-CHE-ZG"
    },
    {
      "name":"Berne",
      "id":"EU-CHE-BE"
    },
    {
      "name":"Fribourg",
      "id":"EU-CHE-FR"
    },
    {
      "name":"Soleure",
      "id":"EU-CHE-SO"
    },
    {
      "name":"Bâle-Ville",
      "id":"EU-CHE-BS"
    },
    {
      "name":"Bâle-Campagne",
      "id":"EU-CHE-BL"
    },
    {
      "name":"Schaffhouse",
      "id":"EU-CHE-SH"
    },
    {
      "name":"Appenzell Rhodes-Extérieures",
      "id":"EU-CHE-AR"
    },
    {
      "name":"Appenzell Rhodes-Intérieures",
      "id":"EU-CHE-AI"
    },
    {
      "name":"Saint-Gall",
      "id":"EU-CHE-SG"
    },
    {
      "name":"Grisons",
      "id":"EU-CHE-GR"
    },
    {
      "name":"Argovie",
      "id":"EU-CHE-AG"
    },
    {
      "name":"Thurgovie",
      "id":"EU-CHE-TG"
    },
    {
      "name":"Tessin",
      "id":"EU-CHE-TI"
    },
    {
      "name":"Vaud",
      "id":"EU-CHE-VD"
    },
    {
      "name":"Neuchâtel",
      "id":"EU-CHE-NE"
    },
    {
      "name":"Genève",
      "id":"EU-CHE-GE"
    },
    {
      "name":"Valais",
      "id":"EU-CHE-VS"
    },
    {
      "name":"Valais",
      "id":"EU-CHE-JU"
    }
  ],
  "cardInfo":{
    "Title":"Les Cantons Suisse",
    "Text":"Les 26 Cantons Suisse",
    "lang":"FR",
    "pictureURL":"None",
    "setInfo":"EU-CHE",
    "option":{
            "tryMax":1,
            "EliminateSelected":true
        }
  },
  "type":[
    "placeTerritory",
    "shadowTerritory",
    "guessFromPosiTerritory"
  ]
}