{
    "EU": {
        "flag":"https://upload.wikimedia.org/wikipedia/commons/b/b7/Flag_of_Europe.svg",
        "get": {
            "FRA": {
                "content": "Data:France.map",
                "namefr":"France",
                "flag":"https://upload.wikimedia.org/wikipedia/commons/c/c3/Flag_of_France.svg",
                "get": {
                    "ARA": {
                        "content": "Data:France/Region/Auvergne-Rhône-Alpes.map",
                        "get":{
                            "1":{
                                "content":"useInstead:OSMB:france/departement-01-ain.geojson"
                            },
                            "3":{
                                "content":"useInstead:OSMB:france/departement-03-allier.geojson"
                            },
                            "7":{
                                "content":"useInstead:OSMB:france/departement-07-ardeche.geojson"
                            },
                            "15":{
                                "content":"useInstead:OSMB:france/departement-15-cantal.geojson"
                            },
                            "26":{
                                "content":"useInstead:OSMB:france/departement-26-drome.geojson"
                            },
                            "38":{
                                "content":"useInstead:OSMB:france/departement-38-isere.geojson"
                            },
                            "42":{
                                "content":"useInstead:OSMB:france/departement-42-loire.geojson"
                            },
                            "43":{
                                "content":"useInstead:OSMB:france/departement-43-haute-loire.geojson"
                            },
                            "63":{
                                "content":"useInstead:OSMB:france/departement-63-puy-de-dome.geojson"
                            },
                            "69":{
                                "content":"useInstead:OSMB:france/departement-69-rhone.geojson"
                            },
                            "73":{
                                "content":"useInstead:OSMB:france/departement-73-savoie.geojson"
                            },
                            "74":{
                                "content":"useInstead:OSMB:france/departement-74-haute-savoie.geojson"
                            }
                        }
                    },
                    "BRE": {
                        "content": "Data:France/Region/Bretagne.map"
                    },
                    "PDL": {
                        "content": "Data:France/Region/Pays de la Loire.map"
                    },
                    "NAQ": {
                        "content": "Data:France/Region/Nouvelle-Aquitaine.map"
                    },
                    "OCC": {
                        "content": "Data:France/Region/Occitanie.map"
                    },
                    "PAC": {
                        "content": "Data:France/Region/ Provence-Alpes-Côte d'Azur.map",
                        "get":{
                            "4":{
                                "content":"useInstead:OSMB:france/departement-04-alpes-de-haute-provence.geojson"
                            },
                            "5":{
                                "content":"useInstead:OSMB:france/departement-05-hautes-alpes.geojson"
                            },
                            "6":{
                                "content":"useInstead:OSMB:france/departement-06-alpes-maritimes.geojson"
                            },
                            "13":{
                                "content":"useInstead:OSMB:france/departement-13-bouches-du-rhone.geojson"
                            },
                            "83":{
                                "content":"useInstead:OSMB:france/departement-83-var.geojson"
                            },
                            "84":{
                                "content":"useInstead:OSMB:france/departement-84-vaucluse.geojson"
                            }
                        }
                    },
                    "COR": {
                        "content": "Data:France/Region/Corse.map"
                    },
                    "BFC": {
                        "content": "Data:France/Region/Bourgogne-Franche-Comté.map",
                        "get":{
                            "21":{
                                "content":"useInstead:OSMB:france/departement-21-cote-d-or.geojson"
                            },
                            "25":{
                                "content":"useInstead:OSMB:france/departement-25-doubs.geojson"
                            },
                            "39":{
                                "content":"useInstead:OSMB:france/departement-39-jura.geojson"
                            },
                            "58":{
                                "content":"useInstead:OSMB:france/departement-58-nievre.geojson"
                            },
                            "70":{
                                "content":"useInstead:OSMB:france/departement-70-haute-saone.geojson"
                            },
                            "71":{
                                "content":"useInstead:OSMB:france/departement-71-saone-et-loire.geojson"
                            },
                            "89":{
                                "content":"useInstead:OSMB:france/departement-89-yonne.geojson"
                            },
                            "90":{
                                "content":"useInstead:OSMB:france/departement-90-territoire-de-belfort.geojson"
                            }
                        }
                    },
                    "CVL": {
                        "content": "Data:France/Region/Centre-Val de Loire.map"
                    },
                    "IDF": {
                        "content": "Data:France/Region/Île-de-France.map"
                    },
                    "NOR": {
                        "content": "Data:France/Region/Normandie.map"
                    },
                    "HDF": {
                        "content": "Data:France/Region/Hauts-de-France.map"
                    },
                    "GES": {
                        "content": "Data:France/Region/Grand Est.map"
                    },
                    "GLP":{
                        "content":"Data:Guadeloupe.map"
                    },
                    "GUF":{
                        "content":"Data:Guyane francaise.map"
                    },
                    "MTQ":{
                        "content":"Data:Martinique.map"
                    },
                    "REU":{
                        "content":"Data:La Reunion.map"
                    },
                    "MYT":{
                        "content":"Data:Mayotte.map"
                    }
                }
            },
            "DEU": {
                "content": "Data:Germany.map",
                "namefr":"Allemagne",
                "flag":"https://upload.wikimedia.org/wikipedia/commons/b/ba/Flag_of_Germany.svg",
                "get":{
                    "BW":{
                        "content":"Data:Baden-Württemberg.map"
                    },
                    "NI":{
                        "content":"Data:Niedersachsen.map"
                    },
                    "BY":{
                        "content":"Data:Bayern.map"
                    },
                    "BE":{
                        "content":"Data:Berlin.map"
                    },
                    "BB":{
                        "content":"Data:Brandenburg.map"
                    },
                    "HB":{
                        "content":"Data:Bremen.map"
                    },
                    "HH":{
                        "content":"Data:Hamburg.map"
                    },
                    "HE":{
                        "content":"Data:Hessen.map"
                    },
                    "MV":{
                        "content":"Data:Mecklenburg-Vorpommern.map"
                    },
                    "NW":{
                        "content":"Data:Nordrhein-Westfalen.map"
                    },
                    "RP":{
                        "content":"Data:Rheinland-Pfalz.map"
                    },
                    "SL":{
                        "content":"Data:Saarland.map"
                    },
                    "SN":{
                        "content":"Data:Sachsen.map"
                    },
                    "ST":{
                        "content":"Data:Sachsen-Anhalt.map"
                    },
                    "SH":{
                        "content":"Data:Schleswig-Holstein.map"
                    },
                    "TH":{
                        "content":"Data:Thüringen.map"
                    }
                }
            },
            "CHE": {
                "content": "Data:Switzerland.map",
                "flag":"https://upload.wikimedia.org/wikipedia/commons/0/08/Flag_of_Switzerland_%28Pantone%29.svg",
                "get":{
                    "UR":{
                        "content":"Data:Uri.map"
                    },
                    "SZ":{
                        "content":"Data:Schwyz.map"
                    },
                    "OW":{
                        "content":"Data:Obwalden.map"
                    },
                    "NW":{
                        "content":"Data:Nidwalden.map"
                    },
                    "LU":{
                        "content":"Data:Lucerne.map"
                    },
                    "ZH":{
                        "content":"Data:Zürich.map"
                    },
                    "GL":{
                        "content":"Data:Glarus.map"
                    },
                    "ZG":{
                        "content":"Data:Zug.map"
                    },
                    "BE":{
                        "content":"Data:Bern.map"
                    },
                    "FR":{
                        "content":"Data:Fribourg.map"
                    },
                    "SO":{
                        "content":"Data:Solothurn.map"
                    },
                    "BS":{
                        "content":"Data:Basel-Stadt.map"
                    },
                    "BL":{
                        "content":"Data:Basel-Landschaft.map"
                    },
                    "SH":{
                        "content":"Data:Schaffhausen.map"
                    },
                    "AR":{
                        "content":"Data:Appenzell Ausserrhoden.map"
                    },
                    "AI":{
                        "content":"Data:Appenzell Innerrhoden.map"
                    },
                    "SG":{
                        "content":"Data:Sankt Gallen.map"
                    },
                    "GR":{
                        "content":"Data:Graubünden.map"
                    },
                    "AG":{
                        "content":"Data:Aargau.map"
                    },
                    "TG":{
                        "content":"Data:Thurgau.map"
                    },
                    "TI":{
                        "content":"Data:Ticino.map"
                    },
                    "VD":{
                        "content":"Data:Vaud.map"
                    },
                    "NE":{
                        "content":"Data:Neuchâtel.map"
                    },
                    "GE":{
                        "content":"Data:Genève.map"
                    },
                    "VS":{
                        "content":"Data:Valais.map"
                    },
                    "JU":{
                        "content":"Data:Jura (Switzerland).map"
                    }
                }
            },
            "ITA": {
                "content": "Data:Italy.map",
                "namefr":"Italie",
                "flag":"https://upload.wikimedia.org/wikipedia/commons/0/03/Flag_of_Italy.svg",
                "get":{
                    "ABR":{
                        "content":"Data:Italy/Region/Abruzzo.map"
                    },
                    "BAS":{
                        "content":"Data:Italy/Region/Basilicata.map"
                    },
                    "CAL":{
                        "content":"Data:Italy/Region/Calabria.map"
                    },
                    "CAM":{
                        "content":"Data:Italy/Region/Campania.map"
                    },
                    "EMR":{
                        "content":"Data:Italy/Region/Emilia-Romagna.map"
                    },
                    "FVG":{
                        "content":"Data:Italy/Region/Friuli Venezia Giulia.map"
                    },
                    "LAZ":{
                        "content":"Data:Italy/Region/Lazio.map"
                    },
                    "LIG":{
                        "content":"Data:Italy/Liguria.map"
                    },
                    "LOM":{
                        "content":"Data:Italy/Region/Lombardy.map"
                    },
                    "MAR":{
                        "content":"Data:Italy/Region/Marche.map"
                    },
                    "MOL":{
                        "content":"Data:Italy/Region/Molise.map"
                    },
                    "UMB":{
                        "content":"Data:Italy/Region/Umbria.map"
                    },
                    "PMN":{
                        "content":"Data:Italy/Piedmont.map"
                    },
                    "PUG":{
                        "content":"Data:Italy/Region/Apulia.map"
                    },
                    "SAR":{
                        "content":"Data:Italy/Region/Sardinia.map"
                    },
                    "SIC":{
                        "content":"Data:Italy/Region/Sicily.map"
                    },
                    "TOS":{
                        "content":"Data:Italy/Region/Tuscany.map"
                    },
                    "TAA":{
                        "content":"Data:Italy/Region/Trentino-South Tyrol.map"
                    },
                    "VAO":{
                        "content":"useInstead:OSMB:aosta.geojson"
                    },
                    "VEN":{
                        "content":"Data:Italy/Region/Veneto.map"
                    }
                }
            },
            "ESP": {
                "content":"Data:Spain.map",
                "flag":"https://upload.wikimedia.org/wikipedia/commons/9/9a/Flag_of_Spain.svg",
                "get":{
                    "AN":{
                        "content":"Data:Spain/Andalusia.map"
                    },
                    "AR":{
                        "content":"Data:Spain/Aragón.map"
                    },
                    "AS":{
                        "content":"Data:Spain/Asturias.map"
                    },
                    "BA":{
                        "content":"Data:Spain/Balearic Islands.map"
                    },
                    "CN":{
                        "content":"Data:Spain/Canary Islands.map"
                    },
                    "CB":{
                        "content":"Data:Spain/Cantabria.map"
                    },
                    "CL":{
                        "content":"Data:Spain/Castile and León.map"
                    },
                    "CM":{
                        "content":"Data:Spain/Castile-La Mancha.map"
                    },
                    "CT":{
                        "content":"Data:Spain/Catalonia.map"
                    },
                    "EX":{
                        "content":"Data:Spain/Extremadura.map"
                    },
                    "GA":{
                        "content":"Data:Spain/Galicia.map"
                    },
                    "MD":{
                        "content":"Data:Spain/Madrid.map"
                    },
                    "MC":{
                        "content":"Data:Spain/Murcia.map"
                    },
                    "NC":{
                        "content":"Data:Spain/Navarra.map"
                    },
                    "PV":{
                        "content":"Data:Spain/Basque Country.map"
                    },
                    "RI":{
                        "content":"Data:Spain/La Rioja.map"
                    },
                    "VC":{
                        "content":"Data:Spain/Valencian Community.map"
                    },
                    "CE":{
                        "content":"Data:Spain/Ceuta.map"
                    },
                    "ML":{
                        "content":"Data:Spain/Melilla.map"
                    }
                }
            },
            "PRT":{
                "content":"Data:Portugal.map"
            },
            "UK":{
                "content":"Data:United Kingdom.map",
                "flag":"https://upload.wikimedia.org/wikipedia/commons/8/83/Flag_of_the_United_Kingdom_%283-5%29.svg",
                "get":{
                    "ENG":{
                        "content":"Data:England.map"
                    },
                    "SCT":{
                        "content":"Data:Scotland.map"
                    },
                    "WLS":{
                        "content":"Data:Wales.map"
                    },
                    "NIR":{
                        "content":"Data:Northern Ireland.map"
                    }
                }
            },
            "IMN":{
                "content":"Data:Isle of Man.map"
            },
            "JEY":{
                "content":"Data:Jersey.map"
            },
            "GGY":{
                "content":"Data:Guernsey.map"
            },
            "IRL":{
                "content":"Data:Ireland.map"
            },
            "ISL":{
                "content":"Data:Iceland.map"
            },
            "BEL":{
                "content":"Data:Belgium.map"
            },
            "NLD":{
                "content":"Data:Nederland.map"
            },
            "LUX":{
                "content":"Data:Luxembourg.map"
            },
            "DNK":{
                "content":"Data:Denmark.map",
                "flag":"https://upload.wikimedia.org/wikipedia/commons/9/9c/Flag_of_Denmark.svg",
                "get":{
                    "NJL":{
                        "content":"Data:Denmark/Nordjylland.map"
                    },
                    "MJL":{
                        "content":"Data:Denmark/Midtjylland.map"
                    },
                    "SYM":{
                        "content":"Data:Denmark/Syddanmark.map"
                    },
                    "SJL":{
                        "content":"Data:Denmark/Sjaælland.map"
                    },
                    "HSD":{
                        "content":"Data:Denmark/Hovedstaden.map"
                    },
                    "GRL":{
                        "content":"Data:Greenland.map"
                    },
                    "FRO":{
                        "content":"Data:Faroe Islands.map"
                    }
                }
            },
            "SWE":{
                "content":"Data:Sweden.map"
            },
            "NOR":{
                "content":"Data:Norway.map"
            },
            "AUT":{
                "content":"Data:Austria.map"
            },
            "BGR":{
                "content":"Data:Bulgaria.map"
            },
            "HRV":{
                "content":"Data:Croatia.map"
            },
            "EST":{
                "content":"Data:Estonia.map"
            },
            "FIN":{
                "content":"Data:Finland.map"
            },
            "GRC":{
                "content":"Data:Greece.map",
                "flag":"https://upload.wikimedia.org/wikipedia/commons/5/5c/Flag_of_Greece.svg",
                "get":{
                    "AT":{
                        "content":"useInstead:OSMB:greece/at.geojson",
                        "get":{
                            "ATQ":{
                                "content":"Data:Greece/Attiki.map"
                            }
                        }
                    },
                    "MT":{
                        "content":"useInstead:OSMB:greece/mt.geojson",
                        "get":{
                            "AMT":{
                                "content":"Data:Greece/Anatoliki Makedonia kai Thraki.map"
                            },
                            "KEM":{
                                "content":"Data:Greece/Kentriki Makedonia.map"
                            }
                        }
                    },
                    "EO":{
                        "content":"useInstead:OSMB:greece/eo.geojson",
                        "get":{
                            "DYM":{
                                "content":"Data:Greece/Dytiki Makedonia.map"
                            },
                            "IEO":{
                                "content":"Data:Greece/Ipeiros.map"
                            }
                        }
                    },
                    "TC":{
                        "content":"useInstead:OSMB:greece/tc.geojson",
                        "get":{
                            "THE":{
                                "content":"Data:Greece/Thessalia.map"
                            },
                            "STE":{
                                "content":"Data:Greece/Stereá Elláda.map"
                            }
                        }
                    },
                    "PI":{
                        "content":"useInstead:OSMB:greece/pi.geojson",
                        "get":{
                            "ION":{
                                "content":"Data:Greece/Ionioi Nisoi.map"
                            },
                            "DYE":{
                                "content":"Data:Greece/Dytiki Ellada.map"
                            },
                            "PEL":{
                                "content":"Data:Greece/Peloponnisos.map"
                            }
                        }
                    },
                    "EG":{
                        "content":"useInstead:OSMB:greece/eg.geojson",
                        "get":{
                            "NAI":{
                                "content":"Data:Greece/Notio Aigaio.map"
                            },
                            "VAI":{
                                "content":"Data:Greece/Voreio Aigaio.map"
                            }
                        }
                    },
                    "CR":{
                        "content":"useInstead:OSMB:greece/cr.geojson",
                        "get":{
                            "KRI":{
                                "content":"Data:Greece/Kriti.map"
                            }
                        }
                    },
                    "MA":{
                        "content":"useInstead:OSMB:greece/ma.geojson",
                        "get":{
                            "AYO":{
                                "content":"Data:Greece/Ayion Oros.map"
                            }
                        }
                    }
                }
            },
            "HUN":{
                "content":"Data:Hungary.map"
            },
            "LVA":{
                "content":"Data:Latvia.map"
            },
            "LTU":{
                "content":"Data:Lithuania.map"
            },
            "MLT":{
                "content":"Data:Malta.map"
            },
            "POL":{
                "content":"Data:Poland.map"
            },
            "CZE":{
                "content":"Data:Czechia.map"
            },
            "ROU":{
                "content":"Data:Romania.map"
            },
            "SVK":{
                "content":"Data:Slovakia.map"
            },
            "SVN":{
                "content":"Data:Slovenia.map"
            },
            "LIE":{
                "content":"Data:Liechtenstein.map"
            },
            "AND":{
                "content":"Data:Andorra.map"
            },
            "ALB":{
                "content":"Data:Albania.map"
            },
            "MNE":{
                "content":"Data:Montenegro.map"
            },
            "RKS":{
                "content":"Data:Kosovo.map"
            },
            "MKD":{
                "content":"Data:Macedonia.map"
            },
            "SRB":{
                "content":"Data:Serbia.map"
            },
            "BIH":{
                "content":"Data:Bosnia.map"
            },
            "UKR":{
                "content":"Data:Ukraine.map"
            },
            "BLR":{
                "content":"Data:Belarus.map"
            },
            "MDA":{
                "content":"Data:Moldova.map"
            },
            "VAT":{
                "content":"useInstead:Circle:41.9029:12.4534"
            },
            "MCO":{
                "content":"useInstead:Circle:43.7384:7.4246"
            },
            "SMR":{
                "content":"useInstead:Circle:43.9424:12.4578"
            },
            "RUS":{
                "content":"Data:Russia.map"
            },
            "TUR":{
                "content":"Data:Turkey.map"
            },
            "KAZ":{
                "content":"Data:Kazakhstan.map"
            },
            "GEO":{
                "content":"Data:Georgia.map"
            },
            "AZE":{
                "content":"Data:Azerbaijan.map"
            }
        }
    },
    "AS": {
        "get":{
            "CYP":{
                "content":"Data:Cyprus.map",
                "flag":"https://upload.wikimedia.org/wikipedia/commons/d/d4/Flag_of_Cyprus.svg"
            },
            "RUS":{
                "content":"Data:Russia.map",
                "flag":"https://upload.wikimedia.org/wikipedia/commons/f/f3/Flag_of_Russia.svg"
            },
            "TUR":{
                "content":"Data:Turkey.map",
                "flag":"https://upload.wikimedia.org/wikipedia/commons/b/b4/Flag_of_Turkey.svg"
            },
            "GRC":{
                "content":"Data:Greece.map",
                "flag":"https://upload.wikimedia.org/wikipedia/commons/5/5c/Flag_of_Greece.svg"
            },
            "KAZ":{
                "content":"Data:Kazakhstan.map",
                "flag":"https://upload.wikimedia.org/wikipedia/commons/d/d3/Flag_of_Kazakhstan.svg"
            },
            "GEO":{
                "content":"Data:Georgia.map",
                "flag":"https://upload.wikimedia.org/wikipedia/commons/0/0f/Flag_of_Georgia.svg"
            },
            "AZE":{
                "content":"Data:Azerbaijan.map",
                "flag":"https://upload.wikimedia.org/wikipedia/commons/d/dd/Flag_of_Azerbaijan.svg"
            },
            "AFG":{
                "content":"Data:Afghanistan.map"
            },
            "BGD":{
                "content":"Data:Bangladesh.map",
                "flag":"https://upload.wikimedia.org/wikipedia/commons/f/f9/Flag_of_Bangladesh.svg"
            },
            "BTN":{
                "content":"Data:Bhutan.map",
                "flag":"https://upload.wikimedia.org/wikipedia/commons/9/91/Flag_of_Bhutan.svg"
            },
            "IND":{
                "content":"Data:India.map",
                "flag":"https://upload.wikimedia.org/wikipedia/commons/4/41/Flag_of_India.svg",
                "get":{
                    "AP":{
                        "content":"Data:India/Andhra Pradesh.map"
                    },
                    "AR":{
                        "content":"Data:India/Arunachal Pradesh.map"
                    },
                    "AS":{
                        "content":"Data:India/Assam.map"
                    },
                    "BR":{
                        "content":"Data:India/Bihar.map"
                    },
                    "CG":{
                        "content":"Data:India/Chhattisgarh.map"
                    },
                    "GA":{
                        "content":"Data:India/Goa.map"
                    },
                    "GJ":{
                        "content":"Data:India/Gujarat.map"
                    },
                    "HR":{
                        "content":"Data:India/Haryana.map"
                    },
                    "HP":{
                        "content":"Data:India/Himachal Pradesh.map"
                    },
                    "JH":{
                        "content":"Data:India/Jharkhand.map"
                    },
                    "KA":{
                        "content":"Data:India/Karnataka.map"
                    },
                    "KL":{
                        "content":"Data:India/Kerala.map"
                    },
                    "MP":{
                        "content":"Data:India/Madhya Pradesh.map"
                    },
                    "MH":{
                        "content":"Data:India/Maharashtra.map"
                    },
                    "MN":{
                        "content":"Data:India/Manipur.map"
                    },
                    "ML":{
                        "content":"Data:India/Meghalaya.map"
                    },
                    "MZ":{
                        "content":"Data:India/Mizoram.map"
                    },
                    "NL":{
                        "content":"Data:India/Nagaland.map"
                    },
                    "OD":{
                        "content":"Data:India/Odisha.map"
                    },
                    "PB":{
                        "content":"Data:India/Punjab.map"
                    },
                    "RJ":{
                        "content":"Data:India/Rajasthan.map"
                    },
                    "SK":{
                        "content":"Data:India/Sikkim.map"
                    },
                    "TN":{
                        "content":"Data:India/Tamil Nadu.map"
                    },
                    "TS":{
                        "content":"Data:India/Telangana.map"
                    },
                    "TR":{
                        "content":"Data:India/Tripura.map"
                    },
                    "UP":{
                        "content":"Data:India/Uttar Pradesh.map"
                    },
                    "UK":{
                        "content":"Data:India/Uttarakhand.map"
                    },
                    "WB":{
                        "content":"Data:India/West Bengal.map"
                    },
                    "AN":{
                        "content":"Data:India/Andaman and Nicobar Islands.map"
                    },
                    "CH":{
                        "content":"Data:India/Chandigarh.map"
                    },
                    "DH":{
                        "content":"useInstead:OSMB:dnh-and-dd.geojson"
                    },
                    "DL":{
                        "content":"Data:India/Delhi.map"
                    },
                    "JK":{
                        "content":"useInstead:OSMB:jammu-and-kashmir.geojson"
                    },
                    "LA":{
                        "content":"Data:India/Ladakh.map"
                    },
                    "LD":{
                        "content":"Data:India/Lakshadweep.map"
                    },
                    "PY":{
                        "content":"Data:India/Puducherry.map"
                    }
                }
            },
            "MDV":{
                "content":"Data:Maldives.map",
                "flag":"https://upload.wikimedia.org/wikipedia/commons/0/0f/Flag_of_Maldives.svg"
            },
            "NPL":{
                "content":"Data:Nepal.map",
                "flag":"https://upload.wikimedia.org/wikipedia/commons/9/9b/Flag_of_Nepal.svg",
                "get":{
                    "P1":{
                        "content":"useInstead:OSMB:nepal/Province-1.geojson"
                    },
                    "P2":{
                        "content":"useInstead:OSMB:nepal/Province-2.geojson"
                    },
                    "P3":{
                        "content":"useInstead:OSMB:nepal/Province-3.geojson"
                    },
                    "P4":{
                        "content":"useInstead:OSMB:nepal/Province-4.geojson"
                    },
                    "P5":{
                        "content":"useInstead:OSMB:nepal/Province-5.geojson"
                    },
                    "P6":{
                        "content":"useInstead:OSMB:nepal/Province-6.geojson"
                    },
                    "P7":{
                        "content":"useInstead:OSMB:nepal/Province-7.geojson"
                    }
                }
            },
            "PAK":{
                "content":"Data:Pakistan.map",
                "flag":"https://upload.wikimedia.org/wikipedia/commons/3/32/Flag_of_Pakistan.svg"
            },
            "LKA":{
                "content":"Data:Sri Lanka.map",
                "flag":"https://upload.wikimedia.org/wikipedia/commons/1/11/Flag_of_Sri_Lanka.svg",
                "get":{
                    "CP":{
                        "content":"useInstead:OSMB:sriLanka/Central.geojson",
                        "flag":"https://upload.wikimedia.org/wikipedia/commons/f/fc/Central_Province.png"
                    },
                    "EP":{
                        "content":"useInstead:OSMB:sriLanka/Eastern.geojson",
                        "flag":"https://upload.wikimedia.org/wikipedia/commons/d/dd/Eastern_Province_Flag_%28SRI_LANKA%29.png"
                    },
                    "NP":{
                        "content":"useInstead:OSMB:sriLanka/Northern.geojson",
                        "flag":"https://upload.wikimedia.org/wikipedia/commons/f/f8/Flag_of_the_Northern_Province.svg"
                    },
                    "SP":{
                        "content":"useInstead:OSMB:sriLanka/Southern.geojson",
                        "flag":"https://upload.wikimedia.org/wikipedia/commons/b/b3/Flag_of_the_Southern_Province_%28Sri_Lanka%29.PNG"
                    },
                    "WP":{
                        "content":"useInstead:OSMB:sriLanka/Western.geojson",
                        "flag":"https://upload.wikimedia.org/wikipedia/commons/e/e8/Western_Province_Flag_%28SRI_LANKA%29.png"
                    },
                    "NW":{
                        "content":"useInstead:OSMB:sriLanka/North_Western.geojson",
                        "flag":"https://upload.wikimedia.org/wikipedia/commons/7/70/Flag_of_the_North_Western_Province_%28Sri_Lanka%29.svg"
                    },
                    "NC":{
                        "content":"useInstead:OSMB:sriLanka/North_Central.geojson",
                        "flag":"https://upload.wikimedia.org/wikipedia/commons/7/74/Flag_of_the_North_Central_Province_Sri_Lanka.png"
                    },
                    "UP":{
                        "content":"useInstead:OSMB:sriLanka/Uva.geojson",
                        "flag":"https://upload.wikimedia.org/wikipedia/commons/1/1c/Flag_of_the_Uva_Province_%28Sri_Lanka%29.svg"
                    },
                    "SG":{
                        "content":"useInstead:OSMB:sriLanka/Sabaragamuwa.geojson",
                        "flag":"https://upload.wikimedia.org/wikipedia/commons/a/ac/Flag_of_the_Sabaragamuwa_Province_%28Sri_Lanka%29.PNG"
                    }
                }
            },
            "JAP":{
                "content":"Data:Japan.map",
                "flag":"https://upload.wikimedia.org/wikipedia/commons/9/9e/Flag_of_Japan.svg",
                "get":{
                    "R1":{
                        "content":"useInstead:OSMB:japan/Hokkaidō.geojson",
                        "get":{
                            "P1":{
                                "content":"useInstead:OSMB:japan/Hokkaidō.geojson",
                                "flag":"https://upload.wikimedia.org/wikipedia/commons/2/22/Flag_of_Hokkaido_Prefecture.svg"   
                            }
                        }
                    },
                    "R2":{
                        "content":"useInstead:OSMB:japan/Tōhoku.geojson",
                        "get":{
                            "P2":{
                                "content":"useInstead:OSMB:japan/pref/02.geojson"
                            },
                            "P3":{
                                "content":"useInstead:OSMB:japan/pref/03.geojson"
                            },
                            "P4":{
                                "content":"useInstead:OSMB:japan/pref/04.geojson"
                            },
                            "P5":{
                                "content":"useInstead:OSMB:japan/pref/05.geojson"
                            },
                            "P6":{
                                "content":"useInstead:OSMB:japan/pref/06.geojson"
                            },
                            "P7":{
                                "content":"useInstead:OSMB:japan/pref/07.geojson"
                            }
                        }
                    },
                    "R3":{
                        "content":"useInstead:OSMB:japan/Kantō.geojson",
                        "get":{
                            "P8":{
                                "content":"useInstead:OSMB:japan/pref/08.geojson"
                            },
                            "P9":{
                                "content":"useInstead:OSMB:japan/pref/09.geojson"
                            },
                            "P10":{
                                "content":"useInstead:OSMB:japan/pref/10.geojson"
                            },
                            "P11":{
                                "content":"useInstead:OSMB:japan/pref/11.geojson"
                            },
                            "P12":{
                                "content":"useInstead:OSMB:japan/pref/12.geojson"
                            },
                            "P13":{
                                "content":"useInstead:OSMB:japan/pref/13.geojson"
                            },
                            "P14":{
                                "content":"useInstead:OSMB:japan/pref/14.geojson"
                            }
                        }
                    },
                    "R4":{
                        "content":"useInstead:OSMB:japan/Chūbu.geojson",
                        "get":{
                            "P15":{
                                "content":"useInstead:OSMB:japan/pref/15.geojson"
                            },
                            "P16":{
                                "content":"useInstead:OSMB:japan/pref/16.geojson"
                            },
                            "P17":{
                                "content":"useInstead:OSMB:japan/pref/17.geojson"
                            },
                            "P18":{
                                "content":"useInstead:OSMB:japan/pref/18.geojson"
                            },
                            "P19":{
                                "content":"useInstead:OSMB:japan/pref/19.geojson"
                            },
                            "P20":{
                                "content":"useInstead:OSMB:japan/pref/20.geojson"
                            },
                            "P21":{
                                "content":"useInstead:OSMB:japan/pref/21.geojson"
                            },
                            "P22":{
                                "content":"useInstead:OSMB:japan/pref/22.geojson"
                            },
                            "P23":{
                                "content":"useInstead:OSMB:japan/pref/23.geojson"
                            }
                        }
                    },
                    "R5":{
                        "content":"useInstead:OSMB:japan/Kansai.geojson",
                        "get":{
                            "P24":{
                                "content":"useInstead:OSMB:japan/pref/24.geojson"
                            },
                            "P25":{
                                "content":"useInstead:OSMB:japan/pref/25.geojson"
                            },
                            "P26":{
                                "content":"useInstead:OSMB:japan/pref/26.geojson"
                            },
                            "P27":{
                                "content":"useInstead:OSMB:japan/pref/27.geojson"
                            },
                            "P28":{
                                "content":"useInstead:OSMB:japan/pref/28.geojson"
                            },
                            "P29":{
                                "content":"useInstead:OSMB:japan/pref/29.geojson"
                            },
                            "P30":{
                                "content":"useInstead:OSMB:japan/pref/30.geojson"
                            }
                        }
                    },
                    "R6":{
                        "content":"useInstead:OSMB:japan/Chūgoku.geojson",
                        "get":{
                            "P31":{
                                "content":"useInstead:OSMB:japan/pref/31.geojson"
                            },
                            "P32":{
                                "content":"useInstead:OSMB:japan/pref/32.geojson"
                            },
                            "P33":{
                                "content":"useInstead:OSMB:japan/pref/33.geojson"
                            },
                            "P34":{
                                "content":"useInstead:OSMB:japan/pref/34.geojson"
                            },
                            "P35":{
                                "content":"useInstead:OSMB:japan/pref/35.geojson"
                            }
                        }
                    },
                    "R7":{
                        "content":"useInstead:OSMB:japan/Shikoku.geojson",
                        "get":{
                            "P36":{
                                "content":"useInstead:OSMB:japan/pref/36.geojson"
                            },
                            "P37":{
                                "content":"useInstead:OSMB:japan/pref/37.geojson"
                            },
                            "P38":{
                                "content":"useInstead:OSMB:japan/pref/38.geojson"
                            },
                            "P39":{
                                "content":"useInstead:OSMB:japan/pref/39.geojson"
                            }
                        }
                    },
                    "R8":{
                        "content":"useInstead:OSMB:japan/KyūshūOkinawa.geojson",
                        "get":{
                            "P40":{
                                "content":"useInstead:OSMB:japan/pref/40.geojson"
                            },
                            "P41":{
                                "content":"useInstead:OSMB:japan/pref/41.geojson"
                            },
                            "P42":{
                                "content":"useInstead:OSMB:japan/pref/42.geojson"
                            },
                            "P43":{
                                "content":"useInstead:OSMB:japan/pref/43.geojson"
                            },
                            "P44":{
                                "content":"useInstead:OSMB:japan/pref/44.geojson"
                            },
                            "P45":{
                                "content":"useInstead:OSMB:japan/pref/45.geojson"
                            },
                            "P46":{
                                "content":"useInstead:OSMB:japan/pref/46.geojson"
                            },
                            "P47":{
                                "content":"useInstead:OSMB:japan/pref/47.geojson"
                            }
                        }
                    }
                }
            },
            "IDN":{
                "content":"Data:Indonesia.map",
                "flag":"https://upload.wikimedia.org/wikipedia/commons/9/9f/Flag_of_Indonesia.svg"
            },
            "PHL":{
                "content":"Data:Philippines.map",
                "flag":"https://upload.wikimedia.org/wikipedia/commons/9/99/Flag_of_the_Philippines.svg"
            },
            "VNM":{
                "content":"Data:Vietnam.map",
                "flag":"https://upload.wikimedia.org/wikipedia/commons/2/21/Flag_of_Vietnam.svg"
            },
            "THA":{
                "content":"Data:Thailand.map",
                "flag":"https://upload.wikimedia.org/wikipedia/commons/a/a9/Flag_of_Thailand.svg"
            },
            "MMR":{
                "content":"Data:Myanmar.map",
                "flag":"https://upload.wikimedia.org/wikipedia/commons/8/8c/Flag_of_Myanmar.svg"
            },
            "MYS":{
                "content":"Data:Malaysia.map",
                "flag":"https://upload.wikimedia.org/wikipedia/commons/6/66/Flag_of_Malaysia.svg"
            },
            "KHM":{
                "content":"Data:Cambodia.map",
                "flag":"https://upload.wikimedia.org/wikipedia/commons/8/83/Flag_of_Cambodia.svg"
            },
            "LAO":{
                "content":"Data:Laos.map",
                "flag":"https://upload.wikimedia.org/wikipedia/commons/5/56/Flag_of_Laos.svg"
            },
            "SGP":{
                "content":"Data:Singapore.map",
                "flag":"https://upload.wikimedia.org/wikipedia/commons/4/48/Flag_of_Singapore.svg"
            },
            "TLS":{
                "content":"Data:East Timor.map",
                "flag":"https://upload.wikimedia.org/wikipedia/commons/2/26/Flag_of_East_Timor.svg"
            },
            "BRN":{
                "content":"Data:Brunei.map",
                "flag":"https://upload.wikimedia.org/wikipedia/commons/9/9c/Flag_of_Brunei.svg"
            }
        }
    },
    "AM": {
        "get":{
            "CAN":{
                "content":"Data:Canada.map",
                "namefr":"Canada",
                "flag":"https://upload.wikimedia.org/wikipedia/commons/d/d9/Flag_of_Canada_%28Pantone%29.svg",
                "get":{
                    "ON":{
                        "content":"Data:Canada/Ontario.map"
                    },
                    "QC":{
                        "content":"Data:Canada/Québec.map"
                    },
                    "NB":{
                        "content":"Data:Canada/New Brunswick.map"
                    },
                    "PE":{
                        "content":"Data:Canada/Prince Edward Island.map"
                    },
                    "NS":{
                        "content":"Data:Canada/Nova Scotia.map"
                    },
                    "NL":{
                        "content":"Data:Canada/Newfoundland and Labrador.map"
                    },
                    "NU":{
                        "content":"Data:Canada/Nunavut.map"
                    },
                    "NT":{
                        "content":"Data:Canada/Northwest Territories.map"
                    },
                    "YT":{
                        "content":"Data:Canada/Yukon.map"
                    },
                    "BC":{
                        "content":"Data:Canada/British Columbia.map"
                    },
                    "AB":{
                        "content":"Data:Canada/Alberta.map"
                    },
                    "SK":{
                        "content":"Data:Canada/Saskatchewan.map"
                    },
                    "MB":{
                        "content":"Data:Canada/Manitoba.map"
                    }
                }
            },
            "USA":{
                "content":"useInstead:OSMB:usa.geojson",
                "flag":"https://upload.wikimedia.org/wikipedia/commons/e/e2/Flag_of_the_United_States_%28Pantone%29.svg",
                "get":{
                    "AL":{
                        "content":"Data:Alabama.map"
                    },
                    "AK":{
                        "content":"Data:Alaska.map"
                    },
                    "AZ":{
                        "content":"Data:Arizona.map"
                    },
                    "AR":{
                        "content":"Data:Arkansas.map"
                    },
                    "CA":{
                        "content":"Data:California.map"
                    },
                    "NC":{
                        "content":"Data:NorthCarolina.map"
                    },
                    "SC":{
                        "content":"Data:SouthCarolina.map"
                    },
                    "CO":{
                        "content":"Data:Colorado.map"
                    },
                    "CT":{
                        "content":"Data:Connecticut.map"
                    },
                    "ND":{
                        "content":"Data:NorthDakota.map"
                    },
                    "SD":{
                        "content":"Data:SouthDakota.map"
                    },
                    "DE":{
                        "content":"Data:Delaware.map"
                    },
                    "FL":{
                        "content":"Data:Florida.map"
                    },
                    "GA":{
                        "content":"Data:Georgia-US.map"
                    },
                    "HI":{
                        "content":"Data:Hawaii.map"
                    },
                    "ID":{
                        "content":"Data:Idaho.map"
                    },
                    "IL":{
                        "content":"Data:Illinois.map"
                    },
                    "IN":{
                        "content":"Data:Indiana.map"
                    },
                    "IA":{
                        "content":"Data:Iowa.map"
                    },
                    "KS":{
                        "content":"Data:Kansas.map"
                    },
                    "KY":{
                        "content":"Data:Kentucky.map"
                    },
                    "LA":{
                        "content":"Data:Louisiana.map"
                    },
                    "ME":{
                        "content":"Data:Maine.map"
                    },
                    "MD":{
                        "content":"Data:Maryland.map"
                    },
                    "MA":{
                        "content":"Data:Massachusetts.map"
                    },
                    "MI":{
                        "content":"Data:Michigan.map"
                    },
                    "MN":{
                        "content":"Data:Minnesota.map"
                    },
                    "MS":{
                        "content":"Data:Mississippi.map"
                    },
                    "MO":{
                        "content":"Data:Missouri.map"
                    },
                    "MT":{
                        "content":"Data:Montana.map"
                    },
                    "NE":{
                        "content":"Data:Nebraska.map"
                    },
                    "NV":{
                        "content":"Data:Nevada.map"
                    },
                    "NH":{
                        "content":"Data:NewHampshire.map"
                    },
                    "NJ":{
                        "content":"Data:NewJersey.map"
                    },
                    "NY":{
                        "content":"Data:NewYork.map"
                    },
                    "NM":{
                        "content":"Data:NewMexico.map"
                    },
                    "OH":{
                        "content":"Data:Ohio.map"
                    },
                    "OK":{
                        "content":"Data:Oklahoma.map"
                    },
                    "OR":{
                        "content":"Data:Oregon.map"
                    },
                    "PA":{
                        "content":"Data:Pennsylvania.map"
                    },
                    "RI":{
                        "content":"Data:RhodeIsland.map"
                    },
                    "TN":{
                        "content":"Data:Tennessee.map"
                    },
                    "TX":{
                        "content":"Data:Texas.map"
                    },
                    "UT":{
                        "content":"Data:Utah.map"
                    },
                    "VT":{
                        "content":"Data:Vermont.map"
                    },
                    "VA":{
                        "content":"Data:Virginia.map"
                    },
                    "WV":{
                        "content":"Data:WestVirginia.map"
                    },
                    "WA":{
                        "content":"Data:Washington.map"
                    },
                    "WI":{
                        "content":"Data:Wisconsin.map"
                    },
                    "WY":{
                        "content":"Data:Wyoming.map"
                    },
                    "PRI":{
                        "content":"useInstead:OSMB:puertoRico.geojson"
                    },
                    "NMI":{
                        "content":"useInstead:OSMB:northernMarianaIslands.geojson"
                    },
                    "DC":{
                        "content":"Data:DistrictofColumbia.map"
                    },
                    "UVI":{
                        "content":"useInstead:OSMB:unitedStatesVirginIsland.geojson"
                    },
                    "GUM":{
                        "content":"useInstead:OSMB:guam.geojson"
                    },
                    "ASM":{
                        "content":"useInstead:OSMB:americanSamoa.geojson"
                    }
                }
            },
            "MEX":{
                "content":"Data:Mexico.map",
                "flag":"https://upload.wikimedia.org/wikipedia/commons/f/fc/Flag_of_Mexico.svg"
            },
            "ARG":{
                "content":"Data:Argentina.map",
                "flag":"https://upload.wikimedia.org/wikipedia/commons/1/1a/Flag_of_Argentina.svg"
            },
            "BOL":{
                "content":"Data:Bolivia.map",
                "flag":"https://upload.wikimedia.org/wikipedia/commons/d/de/Flag_of_Bolivia_%28state%29.svg"
            },
            "BRA":{
                "content":"Data:Brazil.map",
                "flag":"https://upload.wikimedia.org/wikipedia/commons/0/05/Flag_of_Brazil.svg"
            },
            "CHL":{
                "content":"Data:Chile.map",
                "flag":"https://upload.wikimedia.org/wikipedia/commons/7/78/Flag_of_Chile.svg"
            },
            "COL":{
                "content":"Data:Colombia.map",
                "flag":"https://upload.wikimedia.org/wikipedia/commons/2/21/Flag_of_Colombia.svg"
            },
            "ECU":{
                "content":"Data:Ecuador.map",
                "flag":"https://upload.wikimedia.org/wikipedia/commons/e/e8/Flag_of_Ecuador.svg"
            },
            "GUY":{
                "content":"Data:Guyana.map",
                "flag":"https://upload.wikimedia.org/wikipedia/commons/9/99/Flag_of_Guyana.svg"
            },
            "PRY":{
                "content":"Data:Paraguay.map",
                "flag":"https://upload.wikimedia.org/wikipedia/commons/2/27/Flag_of_Paraguay.svg"
            },
            "PER":{
                "content":"Data:Peru.map",
                "flag":"https://upload.wikimedia.org/wikipedia/commons/c/cf/Flag_of_Peru.svg"
            },
            "SUR":{
                "content":"Data:Suriname.map",
                "flag":"https://upload.wikimedia.org/wikipedia/commons/6/60/Flag_of_Suriname.svg"
            },
            "TTO":{
                "content":"Data:Trinidad and Tobago.map",
                "flag":"https://upload.wikimedia.org/wikipedia/commons/6/64/Flag_of_Trinidad_and_Tobago.svg"
            },
            "VEN":{
                "content":"Data:Venezuela.map",
                "flag":"https://upload.wikimedia.org/wikipedia/commons/0/06/Flag_of_Venezuela.svg"
            },
            "URY":{
                "content":"Data:Uruguay.map",
                "flag":"https://upload.wikimedia.org/wikipedia/commons/f/fe/Flag_of_Uruguay.svg"
            },
            "GTM":{
                "content":"Data:Guatemala.map",
                "flag":"https://upload.wikimedia.org/wikipedia/commons/e/ec/Flag_of_Guatemala.svg"
            },
            "BLZ":{
                "content":"Data:Belize.map",
                "flag":"https://upload.wikimedia.org/wikipedia/commons/e/e7/Flag_of_Belize.svg"
            },
            "HND":{
                "content":"Data:Honduras.map",
                "flag":"https://upload.wikimedia.org/wikipedia/commons/7/79/Flag_of_Honduras_%281949%E2%80%932022%2C_2026%E2%80%93present%29.svg"
            },
            "SLV":{
                "content":"Data:El Salvador.map",
                "flag":"https://upload.wikimedia.org/wikipedia/commons/3/34/Flag_of_El_Salvador.svg"
            },
            "NIC":{
                "content":"Data:Nicaragua.map",
                "flag":"https://upload.wikimedia.org/wikipedia/commons/1/19/Flag_of_Nicaragua.svg"
            },
            "CRI":{
                "content":"Data:Costa Rica.map",
                "flag":"https://upload.wikimedia.org/wikipedia/commons/f/f2/Flag_of_Costa_Rica.svg"
            },
            "PAN":{
                "content":"Data:Panama.map",
                "flag":"https://upload.wikimedia.org/wikipedia/commons/a/ab/Flag_of_Panama.svg"
            },
            "ATG":{
                "content":"Data:Antigua and Barbuda.map",
                "flag":"https://upload.wikimedia.org/wikipedia/commons/8/89/Flag_of_Antigua_and_Barbuda.svg"
            },
            "BHS":{
                "content":"Data:Bahamas.map",
                "flag":"https://upload.wikimedia.org/wikipedia/commons/9/93/Flag_of_the_Bahamas.svg"
            },
            "BRB":{
                "content":"Data:Barbados.map",
                "flag":"https://upload.wikimedia.org/wikipedia/commons/e/ef/Flag_of_Barbados.svg"
            },
            "CUB":{
                "content":"Data:Cuba.map",
                "flag":"https://upload.wikimedia.org/wikipedia/commons/b/bd/Flag_of_Cuba.svg"
            },
            "DMA":{
                "content":"Data:Dominica.map",
                "flag":"https://upload.wikimedia.org/wikipedia/commons/c/c4/Flag_of_Dominica.svg"
            },
            "GRD":{
                "content":"Data:Grenada.map",
                "flag":"https://upload.wikimedia.org/wikipedia/commons/b/bc/Flag_of_Grenada.svg"
            },
            "HTI":{
                "content":"Data:Haiti.map",
                "flag":"https://upload.wikimedia.org/wikipedia/commons/5/56/Flag_of_Haiti.svg"
            },
            "JAM":{
                "content":"Data:Jamaica.map",
                "flag":"https://upload.wikimedia.org/wikipedia/commons/0/0a/Flag_of_Jamaica.svg"
            },
            "DOM":{
                "content":"Data:Dominican Republic.map",
                "flag":"https://upload.wikimedia.org/wikipedia/commons/9/9f/Flag_of_the_Dominican_Republic.svg"
            },
            "KNA":{
                "content":"Data:Saint Kitts and Nevis.map",
                "flag":"https://upload.wikimedia.org/wikipedia/commons/f/fe/Flag_of_Saint_Kitts_and_Nevis.svg"
            },
            "VTC":{
                "content":"Data:Saint Vincent.map",
                "flag":"https://upload.wikimedia.org/wikipedia/commons/6/6d/Flag_of_Saint_Vincent_and_the_Grenadines.svg"
            },
            "LCA":{
                "content":"Data:Saint Lucia.map",
                "flag":"https://upload.wikimedia.org/wikipedia/commons/9/9f/Flag_of_Saint_Lucia.svg"
            }
        }
    },
    "AF": {
        "get":{
            "ZAF":{
                "content":"Data:South Africa.map",
                "flag":"https://upload.wikimedia.org/wikipedia/commons/a/af/Flag_of_South_Africa.svg",
                "get":{
                    "WC":{
                        "content":"Data:South Africa/Western Cape.map"
                    },
                    "NC":{
                        "content":"Data:South Africa/Northern Cape.map"
                    },
                    "EC":{
                        "content":"Data:South Africa/Eastern Cape.map"
                    },
                    "KZN":{
                        "content":"Data:South Africa/KwaZulu-Natal.map"
                    },
                    "FS":{
                        "content":"Data:South Africa/Orange Free State.map"
                    },
                    "NW":{
                        "content":"Data:South Africa/North West.map"
                    },
                    "GT":{
                        "content":"Data:South Africa/Gauteng.map"
                    },
                    "MP":{
                        "content":"Data:South Africa/Mpumalanga.map"
                    },
                    "LP":{
                        "content":"Data:South Africa/Limpopo.map"
                    }
                }
            }
        }
    },
    "OC": {
        "get":{
            "AU":{
                "content":"Data:Australia.map",
                "namefr":"Australie",
                "flag":"https://upload.wikimedia.org/wikipedia/commons/8/88/Flag_of_Australia_%28converted%29.svg",
                "get":{
                    "SA":{
                        "content":"Data:Australia/South Australia.map"
                    },
                    "WA":{
                        "content":"Data:Australia/Western Australia.map"
                    },
                    "NGS":{
                        "content":"Data:Australia/New South Wales.map"
                    },
                    "QLD":{
                        "content":"Data:Australia/Queensland.map"
                    },
                    "TAS":{
                        "content":"Data:Australia/Tasmania.map"
                    },
                    "VIC":{
                        "content":"Data:Australia/Victoria.map"
                    },
                    "ACT":{
                        "content":"Data:Australia/Australian Capital Territory.map"
                    },
                    "NT":{
                        "content":"Data:Australia/Northern Territory.map"
                    },
                    "JBT":{
                        "content":"Data:Australia/Jervis Bay Territory.map"
                    }
                }
            },
            "NZ":{
                "content":"Data:New Zealand.map",
                "namefr":"Nouvelle-Zélande",
                "flag":"https://upload.wikimedia.org/wikipedia/commons/3/3e/Flag_of_New_Zealand.svg",
                "get":{
                    "NTL":{
                        "content":"Data:New Zealand/Northland.map"
                    },
                    "AUK":{
                        "content":"Data:New Zealand/Auckland.map"
                    },
                    "WKO":{
                        "content":"Data:New Zealand/Waikato.map"
                    },
                    "BOP":{
                        "content":"Data:New Zealand/Bay of Plenty.map"
                    },
                    "GIS":{
                        "content":"Data:New Zealand/Gisborne District.map"
                    },
                    "WGN":{
                        "content":"Data:New Zealand/Wellington.map"
                    },
                    "MWT":{
                        "content":"Data:New Zealand/Manawatu-Wanganui.map"
                    },
                    "TKI":{
                        "content":"Data:New Zealand/Taranaki.map"
                    },
                    "HKB":{
                        "content":"Data:New Zealand/Hawke's Bay.map"
                    },
                    "TAS":{
                        "content":"Data:New Zealand/Tasman District.map"
                    },
                    "NSN":{
                        "content":"Data:New Zealand/Nelson City.map"
                    },
                    "MBH":{
                        "content":"Data:New Zealand/Marlborough District.map"
                    },
                    "WTC":{
                        "content":"Data:New Zealand/West Coast.map"
                    },
                    "CAN":{
                        "content":"Data:New Zealand/Canterbury.map"
                    },
                    "OTA":{
                        "content":"Data:New Zealand/Otago.map"
                    },
                    "STL":{
                        "content":"Data:New Zealand/Southland.map"
                    }
                }
            }
        }
    },
    "WD":{
        "flag":"https://upload.wikimedia.org/wikipedia/commons/2/2f/Flag_of_the_United_Nations.svg"
    }
}